Date,Open,High,Low,Close,Adj Close,Volume,MACD,Signal_Line,RSI,Middle_Band,Upper_Band,Lower_Band
2020-01-30,80.13500213623047,81.02249908447266,79.6875,80.96749877929688,78.78059387207031,126743200,1.2391419493251448,1.042708898348712,63.879136084635434,78.00912513732911,82.10826586225622,73.909984412402
2020-01-31,80.23249816894531,80.66999816894531,77.07250213623047,77.37750244140625,75.28755950927734,199588400,1.002944944513601,1.0347561075816898,49.368860133542604,78.12362518310547,82.01010642967556,74.23714393653539
2020-02-03,76.07499694824219,78.37249755859375,75.55500030517578,77.16500091552734,75.08080291748047,173788400,0.7895090504228932,0.9857066961499306,42.98750522119832,78.26400032043458,81.7772693989205,74.75073124194866
2020-02-04,78.82749938964844,79.91000366210938,78.40750122070312,79.7125015258789,77.55950927734375,136616400,0.8165093638508552,0.9518672296901155,54.739601916479636,78.5021255493164,81.71419922198034,75.29005187665247
2020-02-05,80.87999725341797,81.19000244140625,79.73750305175781,80.36250305175781,78.19195556640625,118826800,0.8802104791268874,0.93753587957747,57.618700029482696,78.79037551879883,81.54693317205074,76.03381786554691
2020-02-06,80.64250183105469,81.30500030517578,80.06500244140625,81.30249786376953,79.1065673828125,105425600,0.9950732128042006,0.9490433462228162,57.52907605151069,79.06562538146973,81.66507526698632,76.46617549595314
2020-02-07,80.59249877929688,80.8499984741211,79.5,80.00749969482422,78.03128051757812,117684000,0.9704208201534072,0.9533188410089344,50.9572816598695,79.19562530517578,81.70804897550732,76.68320163484424
2020-02-10,78.54499816894531,80.38749694824219,78.4625015258789,80.38749694824219,78.40188598632812,109348800,0.9703605119942154,0.9567271752059906,53.702040042214655,79.33587532043457,81.78410299319651,76.88764764767262
2020-02-11,80.9000015258789,80.9749984741211,79.67749786376953,79.90249633789062,77.92887115478516,94323200,0.9205655151805416,0.9494948432009009,51.40294891406294,79.36900024414062,81.82917053284584,76.90882995543541
2020-02-12,80.36750030517578,81.80500030517578,80.36750030517578,81.80000305175781,79.77952575683594,113730400,1.0224296228836778,0.9640817991374563,55.37569403534079,79.55050048828124,82.16267418039152,76.93832679617097
2020-02-13,81.04750061035156,81.55500030517578,80.8375015258789,81.21749877929688,79.21139526367188,94747600,1.0441184875501222,0.9800891368199895,54.342070073292305,79.71962547302246,82.30315295931275,77.13609798673217
2020-02-14,81.18499755859375,81.49500274658203,80.7125015258789,81.23750305175781,79.23091888427734,80113600,1.0508081840229977,0.9942329462605912,62.0736474810336,79.84100074768067,82.47036950103187,77.21163199432947
2020-02-18,78.83999633789062,79.9375,78.65249633789062,79.75,77.7801513671875,152531200,0.9254131650621105,0.9804689900208952,51.03198117498627,79.84437561035156,82.47308803580161,77.21566318490152
2020-02-19,80.0,81.14250183105469,80.0,80.90499877929688,78.90660095214844,93984000,0.9087598401214336,0.9661271600410029,49.41406182091098,79.93250045776367,82.57949277466497,77.28550814086236
2020-02-20,80.65750122070312,81.1624984741211,79.55249786376953,80.07499694824219,78.09710693359375,100566000,0.8191451535439143,0.9367307587415852,47.22351442285783,79.96500015258789,82.60210614795464,77.32789415722114
2020-02-21,79.65499877929688,80.11250305175781,77.625,78.26249694824219,76.32939147949219,129554000,0.5950123346749905,0.8683870739282662,53.09546581159175,79.8877498626709,82.62841229081373,77.14708743452807
2020-02-24,74.31500244140625,76.04499816894531,72.30750274658203,74.54499816894531,72.70372772216797,222195200,0.11607632228763975,0.7179249236001409,42.64044613929294,79.63612480163575,83.24267899516263,76.02957060810886
2020-02-25,75.23750305175781,75.63249969482422,71.53250122070312,72.0199966430664,70.24108123779297,230673600,-0.46190587549095596,0.4819587637819216,28.364506075616262,79.37524948120117,84.20192930056085,74.54856966184148
2020-02-26,71.63249969482422,74.47000122070312,71.625,73.1624984741211,71.35536193847656,198054800,-0.8183372989029749,0.22189955124494232,30.29556681102791,79.06224937438965,84.60340316198665,73.52109558679265
2020-02-27,70.2750015258789,71.5,68.23999786376953,68.37999725341797,66.69098663330078,320605600,-1.4697769753200163,-0.1164357540680494,20.78012456819991,78.42699928283692,85.59060355375976,71.26339501191407
2020-02-28,64.31500244140625,69.60250091552734,64.09249877929688,68.33999633789062,66.65196990966797,426510000,-1.9666055472521293,-0.4864697127048654,22.030464874094534,77.79562416076661,86.10059693065425,69.49065139087897
2020-03-02,70.56999969482422,75.36000061035156,69.43000030517578,74.70249938964844,72.85733032226562,341397200,-1.8258971416769327,-0.7543551984992789,39.4094786320316,77.66187400817871,86.07610699735464,69.24764101900278
2020-03-03,75.9175033569336,76.0,71.44999694824219,72.33000183105469,70.54342651367188,319475600,-1.8841066332459633,-0.9803054854486158,36.820140575677215,77.42012405395508,86.1528833402621,68.68736476764806
2020-03-04,74.11000061035156,75.8499984741211,73.28250122070312,75.68499755859375,73.81554412841797,219178400,-1.6406060727827452,-1.1123656029154418,39.87079195533325,77.21874885559082,85.91606574729283,68.5214319638888
2020-03-05,73.87999725341797,74.88749694824219,72.85250091552734,73.2300033569336,71.42118835449219,187572800,-1.6269729081900692,-1.2152870639703675,37.54192507522298,76.86212387084962,85.59983536590747,68.12441237579176
2020-03-06,70.5,72.70500183105469,70.30750274658203,72.25749969482422,70.47270202636719,226176800,-1.6753292917892537,-1.3072955095341448,36.39805698910043,76.40987396240234,85.11739411962374,67.70235380518095
2020-03-09,65.9375,69.52249908447266,65.75,66.5425033569336,64.89887237548828,286744800,-2.150020419377725,-1.475840491502861,32.26586335458194,75.73662414550782,85.27901672149622,66.19423156951942
2020-03-10,69.28500366210938,71.61000061035156,67.34249877929688,71.33499908447266,69.57299041748047,285290000,-2.115120413788617,-1.603696475960012,38.29357616992938,75.28399925231933,84.758839868846,65.80915863579267
2020-03-11,69.34750366210938,70.30500030517578,67.96499633789062,68.85749816894531,67.15668487548828,255598800,-2.261308568895771,-1.735218894547164,36.80992294260635,74.73174934387207,84.3534400787557,65.11005860898844
2020-03-12,63.98500061035156,67.5,62.0,62.057498931884766,60.524654388427734,418474000,-2.8925236316210743,-1.9666798419619462,32.94569438945521,73.74462413787842,84.28095198188115,63.20829629387569
2020-03-13,66.22250366210938,69.9800033569336,63.23749923706055,69.49250030517578,67.77601623535156,370732000,-2.7609965925066007,-2.1255431920708774,45.068568126544235,73.15837421417237,83.25733738736227,63.05941104098247
2020-03-16,60.48749923706055,64.7699966430664,60.0,60.5525016784668,59.05683135986328,322423600,-3.3396462774677076,-2.3683638091502437,40.05291505656977,72.1241241455078,82.92207194827607,61.326176342739544
2020-03-17,61.877498626708984,64.40249633789062,59.599998474121094,63.21500015258789,61.653564453125,324056000,-3.5425526050433263,-2.6032015683288603,41.593069510005456,71.29737415313721,82.16576146150042,60.428986844774
2020-03-18,59.942501068115234,62.5,59.279998779296875,61.66749954223633,60.144290924072266,300233600,-3.7846011712910865,-2.839481488921306,43.998927771568965,70.33549919128419,81.03442711542974,59.636571267138635
2020-03-19,61.84749984741211,63.209999084472656,60.65250015258789,61.19499969482422,59.68346405029297,271857200,-3.96880329881391,-3.065345850899827,43.661285929638446,69.39149932861328,79.81152405748887,58.97147459973769
2020-03-20,61.79499816894531,62.95750045776367,57.0,57.310001373291016,55.89442825317383,401693200,-4.377807073390684,-3.3278380953979987,33.86071148191547,68.34387454986572,79.19466554587049,57.49308355386094
2020-03-23,57.02000045776367,57.125,53.15250015258789,56.092498779296875,54.70698928833008,336752800,-4.745484800874692,-3.611367436493338,34.60242997602262,67.4212495803833,79.12040917996767,55.72208998079894
2020-03-24,59.09000015258789,61.92250061035156,58.57500076293945,61.720001220703125,60.19549560546875,287531200,-4.530554223938026,-3.7952047939822755,37.30454702266999,66.90624980926513,78.65758322395207,55.154916394578194
2020-03-25,62.6875,64.5625,61.07500076293945,61.380001068115234,59.8639030456543,303602000,-4.337653593508186,-3.903694553887458,38.796442597225735,66.31712493896484,77.93397864600422,54.700271231925456
2020-03-26,61.630001068115234,64.66999816894531,61.59000015258789,64.61000061035156,63.01411819458008,252087200,-3.879424890018555,-3.8988406211136772,43.06569353164804,66.12862510681153,77.7276093369944,54.52964087662865
2020-03-27,63.1875,63.967498779296875,61.76250076293945,61.935001373291016,60.40518569946289,204216800,-3.689594079813361,-3.856991312853614,45.57842498918428,65.80837535858154,77.49977246221792,54.11697825494516
2020-03-30,62.685001373291016,63.880001068115234,62.349998474121094,63.70249938964844,62.129024505615234,167976400,-3.357822588121927,-3.757157567907277,42.224033630741495,65.25837535858155,76.2296052161226,54.287145501040506
2020-03-31,63.900001525878906,65.62249755859375,63.0,63.5724983215332,62.002235412597656,197002000,-3.0699923298301854,-3.619724520291859,44.345174514034255,64.82050018310547,75.31126459430556,54.329735771905376
2020-04-01,61.625,62.18000030517578,59.782501220703125,60.227500915527344,58.739864349365234,176218400,-3.0763360250399145,-3.5110468212414703,47.88561743137357,64.04762535095215,73.43059159269107,54.66465910921321
2020-04-02,60.084999084472656,61.287498474121094,59.224998474121094,61.23249816894531,59.72002410888672,165934000,-2.966077475144786,-3.4020529520221334,38.790875867896844,63.447750091552734,71.88216857853936,55.0133316045661
2020-04-03,60.70000076293945,61.42499923706055,59.74250030517578,60.352500915527344,58.86177062988281,129880000,-2.916090329771464,-3.3048604275719997,49.65259541947302,62.85250015258789,70.33256921567221,55.37243108950357
2020-04-06,62.724998474121094,65.77749633789062,62.345001220703125,65.61750030517578,63.99671936035156,201820400,-2.4236948619455276,-3.128627314446706,53.82716157414345,62.80625,70.20459647259418,55.407903527405814
2020-04-07,67.69999694824219,67.92500305175781,64.75,64.85749816894531,63.255496978759766,202887200,-2.0709214337818196,-2.9170861383137288,55.212416966430034,62.48237495422363,68.84279316266318,56.121956745784075
2020-04-08,65.68499755859375,66.84249877929688,65.30750274658203,66.51750183105469,64.8744888305664,168895200,-1.638509806946459,-2.661370872040275,58.372005334996146,62.3653751373291,68.32140062788497,56.40934964677324
2020-04-09,67.17500305175781,67.51750183105469,66.17500305175781,66.99749755859375,65.34264373779297,161834800,-1.2427630349276484,-2.3776493046177496,67.06596950849166,62.61237506866455,68.90098837661462,56.323761760714476
2020-04-13,67.07749938964844,68.42500305175781,66.4574966430664,68.3125,66.62515258789062,131022800,-0.813642001297282,-2.064847843953656,71.45365704687738,62.55337505340576,68.59747457385927,56.50927553295224
2020-04-14,70.0,72.0625,69.51249694824219,71.76249694824219,69.98995208740234,194994800,-0.1929503579801377,-1.6904683467589525,69.09038961340326,63.11387481689453,70.29708772704653,55.93066190674253
2020-04-15,70.5999984741211,71.5824966430664,70.15750122070312,71.10749816894531,69.35113525390625,131154400,0.24329476317036836,-1.3037157247730884,68.27275508895231,63.508499717712404,71.50138726872498,55.51561216669983
2020-04-16,71.84500122070312,72.05000305175781,70.5875015258789,71.67250061035156,69.90217590332031,157125200,0.6273810811848364,-0.9174963635815035,64.74272503815097,64.00874977111816,72.70732023275599,55.31017930948034
2020-04-17,71.17250061035156,71.73750305175781,69.21499633789062,70.69999694824219,68.95367431640625,215250000,0.8435751284503112,-0.5652820651751407,69.6966226464814,64.48399963378907,73.55061985163522,55.41737941594292
2020-04-20,69.48750305175781,70.41999816894531,69.2125015258789,69.23249816894531,67.52242279052734,130015200,0.8862791075497114,-0.2749698306301703,62.59680990465862,65.08012447357177,73.73573906001995,56.42450988712359
2020-04-21,69.06999969482422,69.3125,66.35749816894531,67.09249877929688,65.43529510498047,180991600,0.7389243921992374,-0.07219098606428873,57.345578365376426,65.63012447357178,73.25789420499524,58.00235474214833
2020-04-22,68.40249633789062,69.4749984741211,68.05000305175781,69.0250015258789,67.320068359375,116862400,0.7692145136069684,0.09609011386996269,69.5088155498544,65.99537448883056,73.53741554552187,58.45333343213926
2020-04-23,68.96749877929688,70.4375,68.71749877929688,68.75749969482422,67.05915832519531,124814400,0.7628409354393568,0.22944027818384152,67.2512602840261,66.36424942016602,73.68324850552592,59.04525033480611
2020-04-24,69.30000305175781,70.75250244140625,69.25,70.74250030517578,68.99513244628906,126161200,0.9075016743339148,0.3650525574138562,72.67072990455186,66.67087440490722,74.18360531784278,59.158143491971664
2020-04-27,70.44999694824219,71.13500213623047,69.98750305175781,70.7925033569336,69.04393005371094,117087600,1.0144868080885914,0.4949394075488033,64.61864260664765,67.11374950408936,74.4994070733637,59.72809193481502
2020-04-28,71.2699966430664,71.4574966430664,69.55000305175781,69.6449966430664,67.92474365234375,112004800,0.9952069692336067,0.594992919885764,63.23426131711805,67.41087436676025,74.70015460559746,60.12159412792304
2020-04-29,71.18250274658203,72.4175033569336,70.97250366210938,71.93250274658203,70.15574645996094,137280800,1.151239411787401,0.7062422182660913,64.46699266005304,67.8288745880127,75.14884476184635,60.50890441417904
2020-04-30,72.48999786376953,73.63249969482422,72.0875015258789,73.44999694824219,71.63575744628906,183064000,1.3814211830171104,0.8412780112162952,66.33335934078073,68.48999938964843,75.31058423691587,61.66941454238099
2020-05-01,71.5625,74.75,71.4625015258789,72.26750183105469,70.48246765136719,240616800,1.451690240210425,0.9633604570151213,60.07900035541605,69.0417495727539,75.16750620058328,62.915992944924525
2020-05-04,72.2925033569336,73.42250061035156,71.58000183105469,73.29000091552734,71.47972106933594,133568000,1.5717677448615746,1.0850419145844121,54.44235235018907,69.68862457275391,74.60959032876892,64.7676588167389
2020-05-05,73.76499938964844,75.25,73.61499786376953,74.38999938964844,72.55253601074219,147751200,1.7356828447903752,1.2151701006256048,59.305454142774586,70.12724952697754,75.08262959575656,65.17186945819851
2020-05-06,75.11499786376953,75.80999755859375,74.71749877929688,75.15750122070312,73.30108642578125,142333600,1.9055517119436303,1.35324642288921,59.76737204307697,70.64224967956542,75.43646560873587,65.84803375039498
2020-05-07,75.80500030517578,76.2925033569336,75.49250030517578,75.93499755859375,74.05935668945312,115215200,2.0789466665883793,1.498386471629044,64.83422879789828,71.11312446594238,76.04383592098472,66.18241301090004
2020-05-08,76.41000366210938,77.5875015258789,76.07250213623047,77.53250122070312,75.8221206665039,133838400,2.318541904195257,1.6624175581422866,73.34739458993582,71.63987464904785,76.9405390906675,66.33921020742821
2020-05-11,77.0250015258789,79.26249694824219,76.80999755859375,78.75250244140625,77.01520538330078,145946400,2.5771588754340087,1.8453658216006312,84.58913100551325,72.16187477111816,78.07671282662643,66.2470367156099
2020-05-12,79.4574966430664,79.92250061035156,77.72750091552734,77.85250091552734,76.13505554199219,162301200,2.6786146841642307,2.0120155941133513,77.89538297150088,72.46637496948242,78.87930450375524,66.0534454352096
2020-05-13,78.0374984741211,78.98750305175781,75.80249786376953,76.9124984741211,75.21578979492188,200622400,2.652591380189236,2.1401307513285284,74.71959275386048,72.75662498474121,79.42059737914482,66.0926525903376
2020-05-14,76.12750244140625,77.44750213623047,75.38249969482422,77.38500213623047,75.67787170410156,158929200,2.6396663899475925,2.240037879052341,72.16751502708031,73.04225006103516,79.98287453467483,66.10162558739549
2020-05-15,75.0875015258789,76.9749984741211,75.05249786376953,76.92749786376953,75.23046112060547,166348400,2.5629622375112717,2.3046227507441275,69.93173706127305,73.35362510681152,80.40508195259201,66.30216826103103
2020-05-18,78.2925033569336,79.125,77.58000183105469,78.73999786376953,77.00296783447266,135178400,2.6182457393060474,2.3673473484565113,78.32449930192618,73.82900009155273,80.98731171333544,66.67068846977001
2020-05-19,78.75749969482422,79.62999725341797,78.25250244140625,78.28500366210938,76.55802917480469,101729600,2.5954256321546296,2.412963005196135,72.33258107759428,74.38862533569336,81.08296682756664,67.69428384382009
2020-05-20,79.16999816894531,79.87999725341797,79.12999725341797,79.80750274658203,78.04692840576172,111504800,2.669422049163117,2.4642548139895313,72.342313791038,74.92775039672851,81.5428328489401,68.31266794451693
2020-05-21,79.66500091552734,80.22250366210938,78.96749877929688,79.2125015258789,77.46505737304688,102688800,2.6495112010177877,2.5013060913951826,75.4581969244159,75.45050048828125,81.66890364291785,69.23209733364465
2020-05-22,78.94249725341797,79.80750274658203,78.8375015258789,79.72250366210938,77.96380615234375,81803200,2.6444016049221233,2.529925194100571,74.50008688582041,75.89950065612793,81.9873312971766,69.81167001507926
2020-05-26,80.875,81.05999755859375,79.125,79.18250274658203,77.43570709228516,125522000,2.5671857331820576,2.5373773019168686,69.06703236729845,76.31900062561036,82.08579219319314,70.55220905802757
2020-05-27,79.03500366210938,79.67749786376953,78.27249908447266,79.52749633789062,77.77310180664062,112945200,2.504954145989444,2.530892670731384,67.99091634367127,76.81312561035156,81.8474074498392,71.77884377086393
2020-05-28,79.19249725341797,80.86000061035156,78.90750122070312,79.5625,77.80733489990234,133560800,2.4304430333886984,2.510802743262847,65.90659395804757,77.19462547302246,81.82793572516832,72.5613152208766
2020-05-29,79.8125,80.2874984741211,79.11750030517578,79.48500061035156,77.73155212402344,153532400,2.3381857370669934,2.4762793420236764,59.878562826174225,77.49637565612792,81.89238104463621,73.10037026761964
2020-06-01,79.4375,80.5875015258789,79.30249786376953,80.4625015258789,78.6875,80791200,2.317235669255112,2.4444706074699636,58.869283399351815,77.90612564086913,81.76574835425477,74.0465029274835
2020-06-02,80.1875,80.86000061035156,79.73249816894531,80.83499908447266,79.05177307128906,87642800,2.3041294593272994,2.4164023778414307,66.36486787442,78.2833755493164,81.71080188223935,74.85594921639346
2020-06-03,81.16500091552734,81.55000305175781,80.57499694824219,81.27999877929688,79.48693084716797,104491200,2.303101726813395,2.393742247635824,75.34087699743164,78.62787551879883,81.79301059297661,75.46274044462105
2020-06-04,81.09750366210938,81.40499877929688,80.19499969482422,80.58000183105469,78.80238342285156,87560400,2.2202101373565313,2.3590358255799653,68.06106280259908,78.89900054931641,81.73735581088249,76.06064528775033
2020-06-05,80.8375015258789,82.9375,80.80750274658203,82.875,81.04676818847656,137250400,2.313041821346289,2.34983702473323,77.83762743942721,79.24600067138672,82.24423021904754,76.24777112372591
2020-06-08,82.5625,83.4000015258789,81.83000183105469,83.36499786376953,81.52594757080078,95654400,2.3985018954127924,2.3595699988691425,74.70623524655372,79.53762550354004,82.92616591413817,76.14908509294192
2020-06-09,83.03500366210938,86.40249633789062,83.00250244140625,85.99749755859375,84.10037994384766,147712400,2.6481244146199856,2.4172808820193112,83.42361870652978,79.89987525939941,84.28898485490352,75.5107656638953
2020-06-10,86.9749984741211,88.69249725341797,86.52249908447266,88.20999908447266,86.26408386230469,166651600,2.9900154056402215,2.5318277867434933,84.35903067483132,80.41775016784668,86.01194964890573,74.82355068678763
2020-06-11,87.32749938964844,87.76499938964844,83.87000274658203,83.9749984741211,82.12248992919922,201662400,2.885969661532414,2.602656161701278,65.00708727444774,80.77087516784668,86.32650902824504,75.21524130744832
2020-06-12,86.18000030517578,86.94999694824219,83.55500030517578,84.69999694824219,82.83149719238281,200146000,2.8293984336110896,2.6480046160832402,65.47488477032815,81.13662490844726,86.71583554057942,75.5574142763151
2020-06-15,83.3125,86.41999816894531,83.1449966430664,85.74749755859375,83.85588073730469,138808800,2.836393691950221,2.6856824312566365,69.78601350297978,81.57762489318847,87.15055845708154,76.0046913292954
2020-06-16,87.86499786376953,88.30000305175781,86.18000030517578,88.0199966430664,86.07825469970703,165428800,2.990832710869583,2.7467124871792263,72.93101920997064,82.04162483215332,88.12032738213271,75.96292228217392
2020-06-17,88.7874984741211,88.8499984741211,87.77249908447266,87.89749908447266,85.95844268798828,114406400,3.0679764935439806,2.810965288452177,72.39990437108611,82.52224960327149,88.85442950309958,76.1900697034434
2020-06-18,87.85250091552734,88.36250305175781,87.30500030517578,87.93250274658203,85.99269104003906,96820400,3.096246398958087,2.8680215105533593,72.7542238606047,82.92849960327149,89.55098164658527,76.30601755995771
2020-06-19,88.66000366210938,89.13999938964844,86.2874984741211,87.43000030517578,85.50125885009766,264476000,3.0430246611622636,2.9030221406751404,69.26054217121569,83.33937454223633,90.00868554293685,76.67006354153581
2020-06-22,87.83499908447266,89.86499786376953,87.7874984741211,89.71749877929688,87.73831176757812,135445200,3.149126885483909,2.9522430896368945,72.20347956168493,83.8391242980957,90.84269074374575,76.83555785244565
2020-06-23,91.0,93.09500122070312,90.56749725341797,91.63249969482422,89.61106872558594,212155600,3.349131528735427,3.031620777456601,74.1064217680017,84.46162414550781,91.90332890847594,77.01991938253968
2020-06-24,91.25,92.19750213623047,89.62999725341797,90.01499938964844,88.02924346923828,192623200,3.3386322188616333,3.093023065737608,71.06966908394787,84.9859992980957,92.44120841123579,77.53079018495562
2020-06-25,90.17500305175781,91.25,89.39250183105469,91.20999908447266,89.1978988647461,137522400,3.3876867840021987,3.151955809390526,69.57491480987613,85.56837425231933,93.0579556108644,78.07879289377426
2020-06-26,91.10250091552734,91.33000183105469,88.25499725341797,88.40750122070312,86.45721435546875,205256800,3.163952647512474,3.154355177014916,60.682137827217055,86.01449928283691,93.04559212940845,78.98340643626537
2020-06-29,88.3125,90.5425033569336,87.81999969482422,90.44499969482422,88.44976806640625,130646000,3.1151414200214873,3.1465124256162302,59.66533129462777,86.51362419128418,93.30812740239602,79.71912098017233
2020-06-30,90.0199966430664,91.49500274658203,90.0,91.19999694824219,89.1881103515625,140223200,3.1016265193251797,3.1375352443580202,56.93735150557548,87.03187408447266,93.58929157991253,80.4744565890328
2020-07-01,91.27999877929688,91.83999633789062,90.97750091552734,91.02749633789062,89.01940155029297,110737200,3.04193101830343,3.1184143991471025,70.16440231558457,87.51924896240234,93.73035912057742,81.30813880422727
2020-07-02,91.9625015258789,92.61750030517578,90.91000366210938,91.02749633789062,89.01940155029297,114041600,2.960495158319972,3.0868305509816762,68.8739762613707,88.04162368774413,93.53952203536424,82.54372534012403
2020-07-06,92.5,93.94499969482422,92.46749877929688,93.4625015258789,91.40070343017578,118655600,3.0571997256560053,3.080904385916542,71.2534526685434,88.57099876403808,94.01507260654067,83.12692492153549
2020-07-07,93.85250091552734,94.65499877929688,93.05750274658203,93.17250061035156,91.11710357666016,112424400,3.0749915532343977,3.0797218193801137,65.93475459238255,89.06137390136719,94.30225485276898,83.8204929499654
2020-07-08,94.18000030517578,95.375,94.08999633789062,95.34249877929688,93.23922729492188,117092000,3.2269936475409082,3.1091761850122728,70.43644818358459,89.52862396240235,95.24376592732818,83.81348199747652
2020-07-09,96.26249694824219,96.31749725341797,94.67250061035156,95.75250244140625,93.64019775390625,125642800,3.342015595926071,3.1557440671950325,71.03280803109541,89.90574913024902,96.19608381798847,83.61541444250958
2020-07-10,95.33499908447266,95.9800033569336,94.70500183105469,95.91999816894531,93.80397033691406,90257200,3.407408341775948,3.2060769221112158,73.25390068787851,90.50299911499023,96.69392163566822,84.31207659431224
2020-07-13,97.26499938964844,99.95500183105469,95.25749969482422,95.47750091552734,93.3712387084961,191649200,3.38451218407198,3.241763974503369,67.55028497492435,91.0418743133545,96.98728233111075,85.09646629559825
2020-07-14,94.83999633789062,97.25499725341797,93.87750244140625,97.05750274658203,94.91638946533203,170989200,3.4540436916635855,3.2842199179354123,66.87404068947907,91.60737457275391,97.58266061068548,85.63208853482234
2020-07-15,98.98999786376953,99.24749755859375,96.48999786376953,97.7249984741211,95.56915283203125,153198000,3.522405145202427,3.3318569633888155,75.48761313578109,92.09262466430664,98.394754049688,85.79049527892528
2020-07-16,96.5625,97.40499877929688,95.90499877929688,96.52249908447266,94.39319610595703,110577600,3.4398974421603157,3.3534650591431157,67.55328856948967,92.52387466430665,98.79875789193663,86.24899143667666
2020-07-17,96.98750305175781,97.14749908447266,95.83999633789062,96.32749938964844,94.20248413085938,92186800,3.32049801321358,3.3468716499572086,81.61677456453039,92.94362449645996,99.05300893990659,86.83424005301333
2020-07-20,96.4175033569336,98.5,96.0625,98.35749816894531,96.18770599365234,90318000,3.3510482434332545,3.347706968652418,81.60576049266987,93.48999938964843,99.48141096059435,87.49858781870252
2020-07-21,99.17250061035156,99.25,96.74250030517578,97.0,94.86016082763672,103433200,3.228504572795657,3.323866489481066,72.1036783929884,93.8541244506836,99.76803530719386,87.94021359417334
2020-07-22,96.69249725341797,97.9749984741211,96.60250091552734,97.27249908447266,95.12665557861328,89001600,3.117440318233605,3.282581255231574,73.61953772310363,94.13612442016601,100.1375805194971,88.13466832083492
2020-07-23,96.99749755859375,97.07749938964844,92.01000213623047,92.84500122070312,90.79681396484375,197004400,2.6417070662021302,3.1544064174256854,55.14947092463248,94.27762451171876,100.00821257162076,88.54703645181675
2020-07-24,90.98750305175781,92.97000122070312,89.1449966430664,92.61499786376953,90.5718994140625,185438800,2.2205288138727894,2.9676308967151064,47.255935789035796,94.34787445068359,99.9582159978902,88.73753290347697
2020-07-27,93.70999908447266,94.90499877929688,93.4800033569336,94.80999755859375,92.71846008300781,121214000,2.0403403717332225,2.7821727917187298,54.719694604115624,94.66799926757812,99.56389910622546,89.77209942893079
2020-07-28,94.36750030517578,94.55000305175781,93.24749755859375,93.25250244140625,91.1953125,103625600,1.7516707239937261,2.576072378173729,43.755607507312554,94.80837440490723,99.35694266690979,90.25980614290467
2020-07-29,93.75,95.2300033569336,93.7125015258789,95.04000091552734,92.94340515136719,90329200,1.6481354569027218,2.390484993919528,48.033119927684425,95.00037460327148,99.23341900837175,90.76733019817121
2020-07-30,94.1875,96.29750061035156,93.76750183105469,96.19000244140625,94.06802368164062,158130000,1.6399739254126047,2.2403827802181433,50.70700306614384,95.25849990844726,99.09829984964784,91.41869996724668
2020-07-31,102.88500213623047,106.41500091552734,100.82499694824219,106.26000213623047,103.91588592529297,374336800,2.4181952205511976,2.275945268284754,68.77013765189068,96.02012519836425,101.7864503913253,90.2538000054032
2020-08-03,108.19999694824219,111.63749694824219,107.89250183105469,108.9375,106.53431701660156,308151200,3.2139445523644667,2.463545125100697,69.91952289395213,96.79387512207032,104.74648292745604,88.8412673166846
2020-08-04,109.13249969482422,110.79000091552734,108.38749694824219,109.66500091552734,107.24577331542969,173071600,3.858802995879998,2.742596699256557,69.97993070219562,97.61850013732911,107.17561690122551,88.0613833734327
2020-08-05,109.37750244140625,110.39250183105469,108.89749908447266,110.0625,107.63448333740234,121776800,4.3517683359041825,3.064431026586082,73.28461889881098,98.35450019836426,109.2820008713874,87.42699952534113
2020-08-06,110.40499877929688,114.4124984741211,109.79750061035156,113.90249633789062,111.38977813720703,202428800,4.994726434547971,3.4504901081784602,76.85666945074398,99.26199989318847,112.05216813308546,86.47183165329149
2020-08-07,113.20500183105469,113.67500305175781,110.2925033569336,111.11250305175781,108.85724639892578,198045600,5.218985008272,3.8041890881971687,69.04870418714542,100.0216251373291,113.71071301467714,86.33253725998105
2020-08-10,112.5999984741211,113.7750015258789,110.0,112.72750091552734,110.4394760131836,212403600,5.464042295812064,4.1361597297201484,73.30864788845146,100.88412513732911,115.47347830974479,86.29477196491342
2020-08-11,111.97000122070312,112.48249816894531,109.10749816894531,109.375,107.15502166748047,187902400,5.326334487423196,4.374194681260758,66.43580747495565,101.5,116.43089354453413,86.56910645546587
2020-08-12,110.49749755859375,113.2750015258789,110.29750061035156,113.01000213623047,110.71622467041016,165598000,5.447716466220399,4.588899038252687,77.98752061419773,102.26425018310547,117.8999290977956,86.62857126841534
2020-08-13,114.43000030517578,116.0425033569336,113.92749786376953,115.01000213623047,112.6756362915039,210082000,5.640278227771262,4.799174876156402,79.62695382836509,103.18862533569336,119.53487766938163,86.84237300200509
2020-08-14,114.83000183105469,115.0,113.04499816894531,114.90750122070312,112.57523345947266,165565200,5.718692318599295,4.983078364644981,78.14580574904329,104.1176254272461,120.90926097718872,87.32598987730347
2020-08-17,116.0625,116.0875015258789,113.9625015258789,114.60749816894531,112.28131103515625,119561600,5.691025709636605,5.124667833643306,80.99869450829654,104.9301254272461,122.10072366184541,87.75952719264679
2020-08-18,114.35250091552734,116.0,114.00749969482422,115.5625,113.2169189453125,105633600,5.6806770799107795,5.2358696828968005,80.52808014786444,105.85825042724609,123.22165976310217,88.49484109139001
2020-08-19,115.98249816894531,117.1624984741211,115.61000061035156,115.7074966430664,113.35897827148438,145538000,5.619398802166103,5.312575506750662,79.92793048270104,106.78000030517578,124.18005177716998,89.37994883318157
2020-08-20,115.75,118.39250183105469,115.73249816894531,118.2750015258789,115.87437438964844,126907200,5.712165227038739,5.392493450808278,73.92949897312374,108.05150032043457,124.8942573048281,91.20874333604104
2020-08-21,119.26249694824219,124.86750030517578,119.25,124.37000274658203,121.84564971923828,338054800,6.205960498011692,5.555186860248961,77.05320929431342,109.63925056457519,126.34694859963093,92.93155252951945
2020-08-24,128.69749450683594,128.78500366210938,123.9375,125.85749816894531,123.3029556274414,345937600,6.640774541748698,5.7723043965489085,77.64876768934751,111.19162559509277,127.86860243724605,94.5146487529395
2020-08-25,124.69750213623047,125.18000030517578,123.05249786376953,124.82499694824219,122.29142761230469,211495600,6.823397703233013,5.98252305788573,74.6720131301854,112.77025032043457,128.28017931225716,97.26032132861198
2020-08-26,126.18000030517578,126.99250030517578,125.0824966430664,126.52249908447266,123.95447540283203,163022400,7.024132285596863,6.190844903427957,72.71827552344786,114.34437522888183,128.66974546029527,100.01900499746839
2020-08-27,127.14250183105469,127.48500061035156,123.8324966430664,125.01000213623047,122.47267150878906,155552400,6.980700851001103,6.348816092942586,76.22416522966208,115.78537521362304,128.16203490228898,103.4087155249571
2020-08-28,126.01249694824219,126.44249725341797,124.57749938964844,124.80750274658203,122.27429962158203,187630000,6.850967429838732,6.4492463603218155,74.07813154854921,116.71275024414062,128.87074026726168,104.55476022101956
2020-08-31,127.58000183105469,131.0,126.0,129.0399932861328,126.42085266113281,225702700,7.008885306102016,6.561174149477856,87.86827664103261,117.71787490844727,130.4549472329308,104.98080258396372
2020-09-01,132.75999450683594,134.8000030517578,130.52999877929688,134.17999267578125,131.45655822753906,151948100,7.462765242450018,6.741492368072289,88.53293680099162,118.94362449645996,133.00915843939285,104.87809055352707
2020-09-02,137.58999633789062,137.97999572753906,127.0,131.39999389648438,128.73297119140625,200119000,7.511557139047156,6.895505322267263,79.0088428082337,120.01049919128418,134.45559862484546,105.56539975772289
2020-09-03,126.91000366210938,128.83999633789062,120.5,120.87999725341797,118.42648315429688,257599600,6.624980606289768,6.841400379071764,57.72289115025477,120.35937423706055,134.52900194398234,106.18974653013876
2020-09-04,120.06999969482422,123.69999694824219,110.88999938964844,120.95999908447266,118.5048828125,332607200,5.861252920637611,6.645370887384934,58.261269372140156,120.85174903869628,134.36406956410949,107.33942851328308
2020-09-08,113.94999694824219,118.98999786376953,112.68000030517578,112.81999969482422,110.53010559082031,231366600,4.546751188024928,6.225646947512933,46.995013158860495,120.85637397766114,134.35750598591628,107.35524196940598
2020-09-09,117.26000213623047,119.13999938964844,115.26000213623047,117.31999969482422,114.93876647949219,176940500,3.824030443806734,5.745323646771694,51.61290667220191,121.25362396240234,133.80424086636836,108.70300705843634
2020-09-10,120.36000061035156,120.5,112.5,113.48999786376953,111.18648529052734,182274400,2.908690336385746,5.177996984694504,45.33170235437975,121.27762374877929,133.76610447066008,108.78914302689849
2020-09-11,114.56999969482422,115.2300033569336,110.0,112.0,109.72673034667969,180860300,2.0395358319075285,4.550304754137109,36.740264033258256,121.12712364196777,133.98524365486557,108.26900362906997
2020-09-14,114.72000122070312,115.93000030517578,112.80000305175781,115.36000061035156,113.0185317993164,140150100,1.6033659886901432,3.960917001047716,39.181738069883345,121.14974861145019,133.96507168967054,108.33442553322983
2020-09-15,118.33000183105469,118.83000183105469,113.61000061035156,115.54000091552734,113.19487762451172,184642000,1.2577245006712872,3.4202785009724304,40.26015018699345,121.1963737487793,133.92164584203707,108.47110165552152
2020-09-16,115.2300033569336,116.0,112.04000091552734,112.12999725341797,109.85409545898438,154679000,0.7005666381444229,2.876336128406829,35.426048739757036,121.02474861145019,134.14022218360083,107.90927503929957
2020-09-17,109.72000122070312,112.19999694824219,108.70999908447266,110.33999633789062,108.10042572021484,178011000,0.11327118406397574,2.3237231395382585,35.228065237135084,120.75637359619141,134.5073953974292,107.00535179495363
2020-09-18,110.4000015258789,110.87999725341797,106.08999633789062,106.83999633789062,104.67146301269531,287104900,-0.6273537008601551,1.7335077714585758,33.03431452287407,120.18462333679199,135.2073030830377,105.16194359054629
2020-09-21,104.54000091552734,110.19000244140625,103.0999984741211,110.08000183105469,107.8457260131836,195713800,-0.9420040562507808,1.1984054059167044,31.755206884896296,119.47012329101562,134.98524186223173,103.95500471979952
2020-09-22,112.68000030517578,112.86000061035156,109.16000366210938,111.80999755859375,109.54059600830078,183055400,-1.0397845438186408,0.7507674159696354,26.96190143042888,118.76774826049805,134.33498687451754,103.20050964647857
2020-09-23,111.62000274658203,112.11000061035156,106.7699966430664,107.12000274658203,104.94580078125,150718700,-1.478674431688205,0.3048790464380673,25.94134800789793,117.88249855041504,133.98164727817624,101.78334982265383
2020-09-24,105.16999816894531,110.25,105.0,108.22000122070312,106.02346801757812,167743300,-1.717933873745153,-0.09968353759857682,34.576028569330546,116.96737365722656,133.0788579854463,100.85588932900684
2020-09-25,108.43000030517578,112.44000244140625,107.66999816894531,112.27999877929688,110.00102996826172,149981400,-1.5619358094433125,-0.39213399196752396,40.35983901332364,116.33087348937988,132.12028960563956,100.54145737312021
2020-09-28,115.01000213623047,115.31999969482422,112.77999877929688,114.95999908447266,112.62664794921875,137672400,-1.2081260673757725,-0.5553324070491737,52.70475167052122,115.83849830627442,131.14135151996408,100.53564509258474
2020-09-29,114.55000305175781,115.30999755859375,113.56999969482422,114.08999633789062,111.77432250976562,99382200,-0.9865588125786928,-0.6415776881550777,45.50514426732651,115.0909984588623,129.13729676560277,101.04470015212182
2020-09-30,113.79000091552734,117.26000213623047,113.62000274658203,115.80999755859375,113.45940399169922,142675200,-0.6645153239769854,-0.6461652153194593,53.42992270218629,114.17249870300293,125.14135226178679,103.20364514421907
2020-10-01,117.63999938964844,117.72000122070312,115.83000183105469,116.79000091552734,114.41952514648438,116120400,-0.3264523192604116,-0.5822226361076498,57.190033277531036,113.44199905395507,121.15795666581133,105.72604144209882
2020-10-02,112.88999938964844,115.37000274658203,112.22000122070312,113.0199966430664,110.72603607177734,144712000,-0.35860896898921624,-0.5374999026839631,46.53024413829836,113.0489990234375,119.95997262831,106.13802541856501
2020-10-05,113.91000366210938,116.6500015258789,113.55000305175781,116.5,114.13539123535156,106243800,-0.10210910803571949,-0.4504217437543144,51.29659478097647,112.82599906921386,118.93456758259057,106.71743055583715
2020-10-06,115.69999694824219,116.12000274658203,112.25,113.16000366210938,110.86320495605469,161498200,-0.16642249625958527,-0.3936218942553686,51.39378387156519,112.84299926757812,118.95331754015133,106.73268099500491
2020-10-07,114.62000274658203,115.55000305175781,114.12999725341797,115.08000183105469,112.7442398071289,96849000,-0.06175167872697784,-0.32724785114969046,56.39159285207247,112.73099937438965,118.5828764626589,106.8791222861204
2020-10-08,116.25,116.4000015258789,114.58999633789062,114.97000122070312,112.6364517211914,83477200,0.01218411741697878,-0.25936145743635663,62.065901296612,112.80499954223633,118.73116579726334,106.87883328720932
2020-10-09,115.27999877929688,117.0,114.91999816894531,116.97000122070312,114.59586334228516,100506900,0.22951633243098968,-0.16158589946288737,60.61633287768563,113.05349960327149,119.23784586588711,106.86915334065587
2020-10-12,120.05999755859375,125.18000030517578,119.27999877929688,124.4000015258789,121.87506103515625,240226800,0.9898818661747271,0.06870765366463552,66.50065984760809,113.50549964904785,121.40327400131879,105.6077252967769
2020-10-13,125.2699966430664,125.38999938964844,119.6500015258789,121.0999984741211,118.64205932617188,262330500,1.311081036732034,0.31718233027811527,69.01522308708964,113.78349952697754,122.32088680272274,105.24611225123233
2020-10-14,121.0,123.02999877929688,119.62000274658203,121.19000244140625,118.73021697998047,150712000,1.5549715177585597,0.5647401677742042,68.13985410469786,114.23649978637695,123.32471863836797,105.14828093438594
2020-10-15,118.72000122070312,121.19999694824219,118.1500015258789,120.70999908447266,118.25994873046875,112559200,1.6900424642460905,0.7898006270685816,63.10226109303041,114.75499992370605,124.07764874108729,105.43235110632482
2020-10-16,121.27999877929688,121.55000305175781,118.80999755859375,119.0199966430664,116.60425567626953,115393800,1.6417925271170617,0.9601990070782777,56.51057494956969,115.36399993896484,124.10603984088024,106.62196003704943
2020-10-19,119.95999908447266,120.41999816894531,115.66000366210938,115.9800033569336,113.62596893310547,120639300,1.342773396545354,1.036713884971693,52.83359256487785,115.65900001525878,124.05559544718159,107.26240458333598
2020-10-20,116.19999694824219,118.9800033569336,115.62999725341797,117.51000213623047,115.1249008178711,124423700,1.2152480726904002,1.0724207225154345,52.56333534191571,115.94400024414062,124.1824285070858,107.70557198119545
2020-10-21,116.66999816894531,118.70999908447266,116.44999694824219,116.87000274658203,114.4979019165039,89946000,1.0504320064196548,1.0680229792962788,50.12187966666853,116.43150024414062,123.59676205039456,109.26623843788668
2020-10-22,117.44999694824219,118.04000091552734,114.58999633789062,115.75,113.4006118774414,101988000,0.8199869262075907,1.0184157686785411,54.52436664278636,116.80800018310546,122.90949913343457,110.70650123277636
2020-10-23,116.38999938964844,116.55000305175781,114.27999877929688,115.04000091552734,112.70503234863281,82572600,0.5734561024800229,0.9294238354388374,47.335768242396426,116.946000289917,122.74581389935615,111.14618668047784
2020-10-26,114.01000213623047,116.55000305175781,112.87999725341797,115.05000305175781,112.71481323242188,111850700,0.37456795113942576,0.8184526585789551,53.9260465611632,116.95050048828125,122.74421362981374,111.15678734674876
2020-10-27,115.48999786376953,117.27999877929688,114.54000091552734,116.5999984741211,114.2333755493164,92276800,0.33812167878315336,0.7223864626197948,53.206743353333934,117.07600059509278,122.72169349706725,111.43030769311831
2020-10-28,115.05000305175781,115.43000030517578,111.0999984741211,111.19999694824219,108.94296264648438,143937800,-0.125055684002362,0.5528980332953635,43.49775171075784,116.84550056457519,123.03549405736342,110.65550707178696
2020-10-29,112.37000274658203,116.93000030517578,112.19999694824219,115.31999969482422,112.9793472290039,146129200,-0.15785760743742117,0.4107469051488066,47.34811782567954,116.77200050354004,122.99808088186064,110.54592012521944
2020-10-30,111.05999755859375,111.98999786376953,107.72000122070312,108.86000061035156,106.65045928955078,190272600,-0.6970857353010445,0.18918037705883642,24.220309727020123,116.56400070190429,123.52099765977509,109.60700374403349
2020-11-02,109.11000061035156,110.68000030517578,107.31999969482422,108.7699966430664,106.56229400634766,122866900,-1.1187937219257549,-0.07241444273808184,27.107318607161375,116.17750053405761,123.92844952796793,108.4265515401473
2020-11-03,109.66000366210938,111.48999786376953,108.7300033569336,110.44000244140625,108.19839477539062,107624400,-1.303222095374693,-0.31857597326540404,31.146972434640375,116.04150047302247,124.0924181195452,107.99058282649973
2020-11-04,114.13999938964844,115.58999633789062,112.3499984741211,114.94999694824219,112.61685943603516,138235500,-1.0730940843363896,-0.46947959547960116,41.149351606991004,116.03500022888184,124.08925801719283,107.98074244057085
2020-11-05,117.94999694824219,119.62000274658203,116.87000274658203,119.02999877929688,116.61405181884766,126387100,-0.5550951366372061,-0.4866027037111222,50.01431740072013,116.23800010681153,124.37979002979417,108.09621018382889
2020-11-06,118.31999969482422,119.19999694824219,116.12999725341797,118.69000244140625,116.48155975341797,114457900,-0.17005184973437792,-0.42329253291577335,54.204155758937674,116.32400016784668,124.53168704263331,108.11631329306005
2020-11-09,120.5,121.98999786376953,116.05000305175781,116.31999969482422,114.15565490722656,154515300,-0.055501894199011303,-0.34973440517242094,48.20078291828082,115.92000007629395,123.23566509263142,108.60433505995647
2020-11-10,115.55000305175781,117.58999633789062,114.12999725341797,115.97000122070312,113.81217956542969,138023400,0.006957615982273069,-0.27839600094148215,48.627209655394886,115.66350021362305,122.5792926430798,108.74770778416631
2020-11-11,117.19000244140625,119.62999725341797,116.44000244140625,119.48999786376953,117.26667785644531,112295000,0.3366112935941885,-0.15539454203434802,55.315517099667694,115.57849998474121,122.25563461913369,108.90136535034874
2020-11-12,119.62000274658203,120.52999877929688,118.56999969482422,119.20999908447266,116.99188995361328,103162300,0.5687148558408808,-0.01057266245930226,55.999997365388936,115.50349998474121,121.9768068382162,109.03019313126622
2020-11-13,119.44000244140625,119.66999816894531,117.87000274658203,119.26000213623047,117.04096221923828,81581900,0.7480701425750453,0.14115589854756727,56.0505877747673,115.51550025939942,122.01596586403771,109.01503465476112
2020-11-16,118.91999816894531,120.98999786376953,118.1500015258789,120.30000305175781,118.06160736083984,91183000,0.9630286864963153,0.3055304561373169,55.39673845670375,115.73150024414062,122.56173996814623,108.90126052013501
2020-11-17,119.55000305175781,120.66999816894531,118.95999908447266,119.38999938964844,117.16853332519531,74271000,1.0478759294971667,0.4539995508092869,63.7462237197014,115.82550010681152,122.80283004595775,108.84817016766529
2020-11-18,118.61000061035156,119.81999969482422,118.0,118.02999877929688,115.83383178710938,76322100,0.9939200064698213,0.5619836419413938,55.01294569357051,115.88349990844726,122.9142571466526,108.85274267024192
2020-11-19,117.58999633789062,119.05999755859375,116.80999755859375,118.63999938964844,116.43248748779297,74113000,0.9889811410323546,0.647383141759586,73.0878071658647,116.02799987792969,123.16100784857679,108.89499190728259
2020-11-20,118.63999938964844,118.7699966430664,117.29000091552734,117.33999633789062,115.15665435791016,73604300,0.8701372720618252,0.6919339678200338,69.13800135822945,116.14299964904785,123.28281714941791,109.0031821486778
2020-11-23,117.18000030517578,117.62000274658203,113.75,113.8499984741211,111.73162078857422,127959300,0.48870549644732364,0.6512882735454918,57.042536475975915,116.08299942016602,123.27910774677434,108.8868910935577
2020-11-24,113.91000366210938,115.8499984741211,112.58999633789062,115.16999816894531,113.02706146240234,113874200,0.2895927647530101,0.5789491717869955,50.52331392955842,116.01149940490723,123.21412383573876,108.80887497407569
2020-11-25,115.55000305175781,116.75,115.16999816894531,116.02999877929688,113.87106323242188,76499200,0.19889659613448885,0.5029386566564942,41.573035152643584,116.25299949645996,123.10582563578633,109.4001733571336
2020-11-27,116.56999969482422,117.48999786376953,116.22000122070312,116.58999633789062,114.4206314086914,46691300,0.17024388640797383,0.4363997026067901,44.1731254006278,116.31649932861328,123.15695830443599,109.47604035279056
2020-11-30,116.97000122070312,120.97000122070312,116.80999755859375,119.05000305175781,116.83487701416016,169410200,0.3420949327551597,0.41753874863646406,57.53727806413155,116.8259994506836,122.82694192221244,110.82505697915475
2020-12-01,121.01000213623047,123.47000122070312,120.01000213623047,122.72000122070312,120.43659210205078,127728200,0.7656009348774404,0.48715118588465933,65.74894423886582,117.52349967956543,122.80989364594996,112.23710571318091
2020-12-02,122.0199966430664,123.37000274658203,120.88999938964844,123.08000183105469,120.7898941040039,89004200,1.117400832125199,0.6132011151327673,59.82485393706986,118.15549964904785,122.8913492938064,113.41965000428931
2020-12-03,123.5199966430664,123.77999877929688,122.20999908447266,122.94000244140625,120.6524887084961,78967600,1.3691255771521895,0.7643860075366518,60.28681958829914,118.55499992370605,123.4879248086824,113.6220750387297
2020-12-04,122.5999984741211,122.86000061035156,121.5199966430664,122.25,119.97533416748047,78260400,1.4957003185038644,0.9106488697300943,57.96482676570376,118.71599998474122,123.90674251805565,113.52525745142678
2020-12-07,122.30999755859375,124.56999969482422,122.25,123.75,121.44742584228516,86712000,1.6974816649360491,1.0680154287712853,58.97034575459945,118.9689998626709,124.60890657710402,113.32909314823777
2020-12-08,124.37000274658203,124.9800033569336,123.08999633789062,124.37999725341797,122.06568908691406,82225500,1.8864841341805203,1.2317091698531324,63.1662180959532,119.37199974060059,125.34300299815757,113.4009964830436
2020-12-09,124.52999877929688,125.94999694824219,121.0,121.77999877929688,119.5140609741211,115089200,1.805657311474306,1.346498798177367,59.286774508529504,119.66249961853028,125.50578228899704,113.81921694806351
2020-12-10,120.5,123.87000274658203,120.1500015258789,123.23999786376953,120.94688415527344,81312200,1.8382213253635484,1.4448433036146033,60.9315548335512,119.84999961853028,125.8984285115935,113.80157072546706
2020-12-11,122.43000030517578,122.76000213623047,120.55000305175781,122.41000366210938,120.1323471069336,86939800,1.7765756868211184,1.5111897802559064,62.32379504107709,120.0099998474121,126.15184215585643,113.86815753896778
2020-12-14,122.5999984741211,123.3499984741211,121.54000091552734,121.77999877929688,119.5140609741211,79184500,1.6577751453248055,1.5405068532696864,72.38848310310884,120.13599967956543,126.31481313070387,113.95718622842699
2020-12-15,124.33999633789062,127.9000015258789,124.12999725341797,127.87999725341797,125.50056457519531,157243700,2.0324153384376444,1.638888550303278,78.2570037610985,120.51499938964844,127.56600255235709,113.46399622693978
2020-12-16,127.41000366210938,128.3699951171875,126.55999755859375,127.80999755859375,125.43186950683594,98208600,2.297191407660449,1.7705491217747122,77.14285814738585,120.93599929809571,128.64987908999007,113.22211950620135
2020-12-17,128.89999389648438,129.5800018310547,128.0399932861328,128.6999969482422,126.30530548095703,94359800,2.549455328788028,1.9263303631773754,77.48525029818016,121.46949920654296,129.76609154647025,113.17290686661566
2020-12-18,128.9600067138672,129.10000610351562,126.12000274658203,126.66000366210938,124.30328369140625,192541500,2.5553098728997554,2.0521262651218515,67.60760242672104,121.87049942016601,130.35647079051014,113.38452804982188
2020-12-21,125.0199966430664,128.30999755859375,123.44999694824219,128.22999572753906,125.84406280517578,121251600,2.656017958287663,2.172904603755014,64.12096455045574,122.41499938964844,131.0660087467375,113.76399003255938
2020-12-22,131.61000061035156,134.41000366210938,129.64999389648438,131.8800048828125,129.4261474609375,168904800,2.995821114971946,2.3374879059984,69.29826263870113,123.31649971008301,131.96719391342398,114.66580550674205
2020-12-23,132.16000366210938,132.42999267578125,130.77999877929688,130.9600067138672,128.52325439453125,88223700,3.1545180804927924,2.500893940897279,67.00595597856261,124.1060001373291,132.51481247942974,115.69718779522847
2020-12-24,131.32000732421875,133.4600067138672,131.10000610351562,131.97000122070312,129.51446533203125,54930100,3.323473748263922,2.665409902370608,70.33474876285587,124.90300025939942,133.1161736360886,116.68982688271024
2020-12-28,133.99000549316406,137.33999633789062,133.50999450683594,136.69000244140625,134.14666748046875,124486200,3.7944963916362724,2.891227200223741,73.85695437269845,125.90800056457519,134.71085512684385,117.10514600230653
2020-12-29,138.0500030517578,138.7899932861328,134.33999633789062,134.8699951171875,132.36050415039062,121047300,3.97510333261269,3.108002426701531,68.52702507136895,126.69900016784668,135.7372549297653,117.66074540592807
2020-12-30,135.5800018310547,135.99000549316406,133.39999389648438,133.72000122070312,131.23191833496094,96452100,3.979566769468832,3.282315295254991,72.22637556410967,127.24900016784667,136.58883269724774,117.90916763844561
